mutation,haplogroup,population
A8864,A0000,Denisovan
A10805,A000,Neanderthal
F6,A00,Bangwa
L1085,A0T,w. Africa
CTS2809(L991),A0,n. Africa
P305,A1,"Bakola Pygmies (South Cameroon), Berbers from Algeria, Ghana"
M31,A1a,n.w. Africa
M14,A1b1a,Khoisan
M6,A1b1a1a,Khoisan
M32,A1b1b,"Khoisan, e. African, Arabian Peninsula "
M51,A1b1b2a,Khoisan
M13,A1b1b2b,"Sudan, Ethiopia, e. African"
M236,B1,"Mali, Burkina Faso, Cameroon"
M146,B1a,"Moss, Mali "
M182,B2,"Mbuti, Bakola, Dama, Biaka"
M150,B2a,"Mbuti, Luo, Mali"
M218,B2a1a1,"Kenya (Luhyas), Uganda, Cameroon"
M109,B2a1a1a1,"Ngumba, Fali, Ewondo, Bakola, Biaka, Luo, Iraqw, Sotho鈥揟swana, Zulu, Shona, Xhosa, Sudanese, Iranians"
G1,B2a1a1a2,Uganda
M43,B2a1a2a,Mali
M112,B2b,"pygmy, Juu, Hadzabe"
M30,B2b1a1b ,"Central Sudanic, Biaka"
P6,B2b1b1a,Khoisan
P112,B2b2,Kenya (Luhyas)
L1388,B3,"Sierra Leone, Gambia"
M8,C1a1,"Japan, China, Korea"
CTS6678,C1a1a1a,"Japan, South Korea (Seoul)"
Z1356,C1a1a1b,Japan
Z45460 ,C1a1a2,China
V20,C1a2,"Europe, Algeria (Berbers), Armenia, Czech Rep., Spain,Turkey, Hungary"
M356,C1b1a1,"India (Gujaratis and Madhya-Pradesh), Kuwait, Saudi Arabia"
AM00847(B65; AMM008),C1b1a2,"Indonesia (Lebbos), Brunei (Murats), Philippines (Aetas)"
Z16582,C1b1a3,"Saudi Arabia, Iraq"
B460,C1b2a1c,Papua New Guinea (Koinambes)
M347,C1b2b,Australia (Aborigines)
M217,C2,"Mongolia, East Russia ,  Buryats, Daurs, Hazaras, Itelmens, Kalmyks, Koryaks, Manchus, Mongolians, Oroqens, and Sibes, Koreans, Ainus, Nivkhs, Altaians, Tuvinians, Uzbeks, Han Chinese, Tujia, Hani, Hui, Native Americans"
F1396(L1373),C2b,Central Asia
P39^^(Z30536),C2b1a1a,"Canada, U.S. (Amerindians)"
F1756,C2b1a1b1,"China (Hezhens, Xibos, Hans), e. Europe, Turkey, Russia (Altaians, Koryaks)"
M86,C2b1a2a,"Siberian Russia (Mongolians, Evenks, Buryats)"
B90,C2b1a2b,"Siberian Russia (Koryaks, Evenks)"
M504(Y4631),C2b1a3,"Afghanistan, Russia, Kyrgyzstan, Mongolia, Pakistan, China (Aisin Gioros, Oroqens), Uzbekistan"
F9992(Z30601; Y12018),C2b1a4,"India, Slovakia"
CTS2657,C2c1a1,"Siberian Russia (Buryats), Japan, China (Han), Korea"
K700(Z12209),C2c1a2,"Japan, China (Hans), Bangladesh (Bengalis), Korea"
F845,C2c1b,"China (Dai), Japan, Vietnam, Korea, Philippines"
CTS11577,D1,"Onge, Jarawa (Andaman Islands)"
F6251(Z27276),D1a,"s.w. China, s. central China, Kazakhstan, Mongolia"
M15,D1a1,"s.w. China(Tibet), s. central China"
PH4979,D1a1a1a1,"Russia, China, Japan"
Z31591,D1a1a1a2,"Nepal (Tamangs), Kazakhstan, China (Yi)"
F1070,D1a1a2,China
P99,D1a2,"Kazakhstan, Mongolia, Tibet"
P47,D1a2a,"China (Tibet, northern Yunnan, Xinjiang), Mongolia, s. Altai"
M533,D1a2a1,"China (Yunnan), Bhutan, Mongolia, e. Kazakhstan Region, Crimea, Romania"
M64.1,D1b,"Japan, Korea"
IMS-JST022457,D1b1a2,Emperor of Japan
CTS220,D1b2a,Jomon man (Rebun Island)
L1366,D2,"Philippines (Mactan, Luzon)"
P147(PF1938),E1,Africa
M132,E1a,"Mali, w. Africa"
M44,E1a1,"Sardinian Italy, central Africa (Mandenkas), British Isles, Germany, Lebanon (Druze), n.e. Europe (Ashkenazi Jews)"
CTS10713(Z958),E1a2,"Nigeria, Gambia, Sierra Leone"
P177(PF1939),E1b,Africa
P2(PF1940; PN2),E1b1,"Africa, Middle East, Europe"
M215(Page40; PF1942),E1b1b,"e. Africa, n. Africa, w. Asia, s. Europe"
M58,E1b1a1a1a1a,Kenya
M4254,E1b1a1a1a2a1,"Benin, Cote d'Ivoire, Nigeria, Sierra Leone, Gabon,Kenya,Ethiopia, Cameroon, s. e. Aftica (Sandawes), Qatar"
CTS1036,E1b1a1a1a2a2,"Gambia, Sierra Leone"
Z5994,E1b1a1b,"Sierra Leone, Gambia"
L514,E1b1a1a1a1c1,"Sierra Leone, Gambia, Nigeria"
CTS923(M4670),E1b1a1a1a1c1a1a3,"Cameroon (or Gabon), Tanzania, Kenya, Nigeria, Saudi Arabia, U. A. Emirates"
CTS5299,E1b1a1a1a1c1a1a3b,"Sierra Leone, Nigeria"
CTS2754(Z1641),E1b1a1a1a1c1a1a3c,Nigeria
CTS668,E1b1a1a1a1c1a1a3d,Nigeria
Z22359,E1b1a1a1a1c1a1a3e,"Saudi Arabia, Kenya, Nigeria"
Z5961,E1b1a1a1a1c1a1a4,Sierra Leone
M4311,E1b1a1a1a1c1a1b,"Kenya, Nigeria"
CTS9883,E1b1a1a1a1c2,"Gambia, Sierra Leone"
V32,E1b1b1a1a1b,"Kenya, Egypt, Somalia, Saudi Arabia, Jordan"
CTS693,E1b1b1a1a1c,"Senegal, Italy, England, Saudi Arabia, Russia, Turkey, Ireland"
L142.1,E1b1b1a1b1a,"England, Scotland, Germany, Sweden, Norway, Poland,Czech Rep.,Hungary,Croatia, Greece, Albania, Bulgaria, Sardinian Italy, Italy, Mishar Tatars, Belarus, Russia, Estonia, Spain"
PF2272(V65),E1b1b1a1a2,"Italy, Palestine, U.A. Emirates"
CTS9547(L677),E1b1b1a1b2,"Kuwait, U. A. Emirates, Saudi Arabia, Iran,Greece,Spain, Germany, England, Ireland, Italy, Kenya"
M310.1(PF2402.1),E1b1b1b1,"Middle East, Morocco, Algeria, Libya, Tunisia, Portugal, Spain, Italy, Sardinian Italy, Switzerland, Mali, Gambia"
M136,E1b1b1b2a1a1a1a1c,s. Asia
CTS4483(L795),E1b1b1b2a1a1,"Belarus, Ukraine, Turkey, Jordan, Kuwait, Saudi Arabia, Qatar, Oman, Bahrain, Yemen, Italy, Sardinian Italy, Spain, Scotland, Czech Republic, Poland"
M290,E1b1b1b2a1a2,Palestine
L791,E1b1b1b2a1a4,"Sardinian Italy, France, Corsican France (Napoleon Bonaparte), England, Italy, Russia, Spain"
PF1961(Z830),E1b1b1b2,"s. Africa (Bantus, Sandawes, Kungs), Kenya, U.A. Emirates, Bahrain, Saudi Arabia, Kuwait, Iraq, Qatar, Iran, Somalia, Ethiopia, Portugal, Italy, France, England, Germany, Poland,  Belarus, Latvia, Lithuania, Russia, Israel"
V6,E1b1b1c,"Djibouti, Egypt, Somalia, Kenya"
M281,E1b1b2,"Yemen, Saudi Arabia, Ethiopia"
M75,E2,"Alur, Hema, Rimaibe, Mbuti, Daba, Eviya, Zulu, Kenyan Bantus"
M98,E2b,"Kenya, Nigeria, Gambia"
P91,F1,Sri Lanka
M427,F2,"China (Lahu, Yi), s.e. Asia"
M481,F3,"India, Nepal"
Z40733,F4,Vietnam
L201,G1a1a1a1,n.e. Europe (Ashkenazi Jews)
L1323,G1a1a1b,Kazakhstan
GG362(Z3189),G1a1a2,"Slovakia, Germany, Turkey, India (Gujaratis), n.e. Europe (Ashkenazi Jews)"
GG162,G1a1b1a,s.w. Russia (Bashkirs)
GG265,G1a1b2,Armenia
Z18606,G1b1a,n.e. Europe (Ashkenazi Jews)
Z30744,G1b1b,"Kuwait, Qatar"
FGC7535,G2a1,"Mid northern Caucasus area of Russia, Ossetians, Svans"
FGC595(Z6553),G2a1a,"Iran, Georgia"
FGC750(Z7962),G2a1a1a1a1a,"Ossetian Russia, Turkey, Georgia"
FGC1047(Z7952),G2a1a1a1a1b,England
FGC1160,G2a1a1a2,"n.e. Europe (Ashkenazi Jews), Russia (Karachays, Lezgins)"
Z17774,G2a1a2,"Italy, England, Pakistan (Punjabis)"
Z31464,G2a1a3,Germany
FGC6669,G2a2a1a1,"w. Europe, Turkey, Lebanon (Druze)"
FGC34625,G2a2a1a3,"England, Georgia"
PF3148,G2a2a1,"Germany, Serbia"
L91(PF3246; S285),G2a2a1a2,"Turkey, Bulgaria"
FGC7739(Z6488),G2a2a1a2a,"Bulgaria, Croatia"
PF3147,G2a2a,"Hungary, Germany"
PF3177,G2a2a1a,Serbia
PF3185,G2a2a,Germany
PF3239,G2a2a1a2a1,Hungary
L166,G2a2a1a2a1a,"Pakistan (Punjabis), Germany, Sardinian Italy"
Z6802^,G2a2a1a2a1b,Sardinian Italy
FGC2315,G2a2a1a2a2,"Germany, Sardinian Italy, Tunisia"
Z42562,G2a2a1a2b,"Iran, Ireland, UK"
FGC34451,G2a2a1b,"Pakistan, Wales"
Z36520,G2a2a2,"France, Spain, Romania, UK, Ukraine, Uzbekistan (Jews), Algeria"
L14(Page57; S130; U16),G2a2b1a1a,"Qatar, Italy, Sardinian Italy"
Z17887,G2a2b1a1b,"Russia, Germany, Italy, Greece (Cappadocians), Turkey (Armenians)"
M3302,G2a2b1a2,"Turkey (Armenians), Pakistan (Pashtuns), Italy, U.K."
PF3293,G2a2b1b,"Italy, Sardinian Italy, n.w. Iran, Kazakhstan, n.e. Europe (Ashkenazi Jews), Yemen"
CTS2488,G2a2b2,"British Isles, Sicilian, Turkish"
P303(Page108; PF3340; S135; Z765),G2a2b2a,"Bulgaria, Hungary, Ukraine"
FGC998(Z6764),G2a2b2a1a1a1a1a,"w. Europe, Cyprus (Greeks)"
Z2017,G2a2b2a1a1a1a1b,"Spain, England, Turkey (Jews)"
Z44912,G2a2b2a1a1a1a2,"British Isles, Poland, Russian Chechnya"
L1264,G2a2b2a1a1a2a,"n.w. Europe, Russia, Russia (Kabardinians), n.e. Europe (Ashkenazi Jews)"
PH1780,G2a2b2a1a1a2b,"Georgia, U.K., Russia"
SK1154,G2a2b2a1a1a4,Palestine
L43(S147),G2a2b2a1a1b1a1a1,Europe
S2808,G2a2b2a1a1b1a1a2a1,Europe
Z3441,G2a2b2a1a1b1a1a2a,"France, Wales, Poland"
Z42514,G2a2b2a1a1b1a1a2a5,"Germany, France"
Z16770,G2a2b2a1a1b1a1a2b1a,"n.w Europe, Hungary"
Z27567,G2a2b2a1a1b1a1a2b2,Sweden
FGC477(Y8903),G2a2b2a1a1b1a1b,"U.K., Germany, Sweden"
Z31846,G2a2b2a1a1b1a1e1,England
S10458,G2a2b2a1a1b1b,"Germany, U.K."
Z27264,G2a2b2a1a1b2,Italy
CTS342,G2a2b2a1a1c,Turkey
CTS5990(Z1903),G2a2b2a1a1c1a,Bulgaria
L640,G2a2b2a1a1c1a1a,"England, Ireland"
FGC7477(Z6523),G2a2b2a1a1c1a1b1a,"Sierra Leone, n.e. Europe (Ashkenazi Jews), Lebanon, Romania, U.K."
Z6032,G2a2b2a1a1c1a1b2,"England, Italy, Sardinian Italy"
L660,G2a2b2a1a1c2a,"England, Poland"
Z16670,G2a2b2a1a1c2b,Saudi Arabia
Z38302,G2a2b2a1a2,Portugal
M278,G2a2b2a2,"Greece, Spain, Ireland"
Z39318,G2a2b2a3,Austria
Z6885,G2a2b2a3,"Austria, n.w Turkey, Andalusia, Spain"
Z30503,G2a2b2a4,"India, Pakistan"
PF3359,G2a2b2b,"Spain, Romania"
F872(PF3355),G2a2b2b1a,"Bulgaria, Hungary"
F1193(PF3362),G2a2b2b1,"Hungary, Macedonia"
PF3359,G2a2b2b,Bulgaria
PF3378,G2a2b2b1a1,"Netherlands, Sardinian Italy, Germany"
CTS293,G2a2b2b2,"Palestine, England"
PF5721.2,G2b,Iran
M377,G2b1,Pashtuns
M283,G2b1a,"Pakistan, Afghanistan, Sicilian Italy"
FGC32402(Y12976),G2b1b,n.e. Europe (Ashkenazi Jews)
FGC3022,G2b2,"Italy, Turkey (Armenians)"
M2939(L901),H1,s. Asia
M69(Page45),H1a,"s. Asia (s. India, Sri Lanka, Nepal, Pakistan, Afghanistan)"
M36,H1a1a1a,Pakistan
L683,H1a1a1b,Sri Lanka
Z14588,H1a1a4a,"Cambodia, Laos"
Z5873,H1a1a4b1,"India, Pakistan"
Z5876,H1a1a4b2a,"India, Bangladesh"
Z5878,H1a1a4b2b,"Sri Lanka, India"
M3038,H1a1a4b2c,"India, Bangladesh, Sri Lanka, Bangladesh"
Z5886,H1a1a4b3a,India
Z5888,H1a1a4b3b,"Bangladesh, India, Sri Lanka"
Z4489,H1a1a4b4,"India, Parkistan"
Z4417,H1a1b1a,India
Z40935,H1a1b1b,"Bangladesh, Myanmar"
Apt,H1a2a,India
Z14258,H1a2b,"Sri Lanka, Bangladesh, India"
P96,H2,"Sardinian Italy, Romania, Ukraine, Armenia, Kuwait"
Z5857,H3,s. Asia
Z5864,H3a1,India
Z5863,H3a2,"India, Sri Lanka, Bahrain"
Z5859,H3b1,Sri Lanka
PH24,H3b2,"Pakistan, India (Malayans)"
M253,I1,"Scandinavia, Iceland, n. Europe"
S1953(Z2535),I1a2a1a1a1,"Scotland, UK, Ireland, Germany, Czech Rep., Romania, Poland, Norway, Sweden, Denmark, France, Netherlands"
F2642.1(S2169.1),I1a2a1a1a2,"Sweden, Norway, Finland, Germany, Scotland, UK, Ireland, Italy"
A196(Y5497),I1a2a1a1a3,"Russia, Sweden, Germany, Scotland, England"
BY147(Y5448),I1a2a1a1d1a1a1,"Sweden, Finland"
BY126(Y5568),I1a2a1a1d1a1a2,"Sweden, Russia"
L573,I1a2a1a1d1b,"Scotland, Sweden"
L1248^^,I1a2a1a1d2,"Russia, Sweden, UK"
Z2041,I1a2a2,"Bulgaria, Slovenia, Russia, Finland, Sweden, Norway, Germany, UK, Italy"
S296(Z138),I1a2b,"Romania, Bulgaria, Finland, Sweden, Norway, Denmark, UK, Scotland, Ireland, Luxembourg, France,Germany, Portugal, Italy"
S249^^(Z131^^),I1b,"UK, Sweden"
Y18119(Z17925),I1c,"Poland, Britain, Germany, France"
M438(P215; PF3853; S31),I2,"s.e. Europe, Sardinia"
M26(PF4056),I2a1a1,"Ireland, UK, France, Spain, Italy, Sardinian Italy, Russia, Portugal, Scotland, Spain"
S21825,I2a1a2,"France, UK, Germany. Poland, Italy, Croatia, Lithuania"
L161.1(S185),I2a1b1,"Bulgaria, Poland, Germany, UK, Ireland, Spain, Scotland, England,Germany"
L621(S392),I2a1b2,"UK, Germany, Sweden, Finland, Lithuania, Belarus, Ukraine, Poland, Bulgaria, Serbia, Slovenia, Hungary, Croatia, Czech Rep., Macedonia, Greece, Turkey"
(M436; P214; PF3856; S33),I2a2,"Germany, Netherlands, Belgium, Denmark, England, Scotland, Sweden, Norway"
FGC15073(Y3721),I2a2a1a,"Iran, UK, Ireland, Czech Rep., Germany, Spain, France, Italy, Norway"
CTS10057,I2a2a1b,"UK, Netherlands, Switzerland, Sweden, Italy, Malta, Germany, Poland, Belgium, Portugal, Denmark, France, Finland, Serbia"
FGC29562(Y10705),I2a2b,"Belgium, UK, Ireland, Sweden, Denmark, France, Germany, Italy, Russia, Romania, Slovakia, Netherlands, Germany"
PF6915,I2c1,"Italy, UK, Germany, Ukraine, Armenia"
PH2569,I2c2,"Turkey, Italy, Russia, Bulgaria"
M267,J1,"n.e. Caucasian, Middle East, Ethiopia, n. Africa"
L817,J1a2a1a2c1,"Italy, Czech Republic, Belarus, Poland, Finland"
Z1842,J1a2b1,"Turkey, Georgia, Russia, Kazakhstan, Ireland, Germany"
F1614,J1b,"Finland, Spain"
M172(Page28; PF4908),J2,"Anatolia, Greece, Balkans, Italy, Iran, Caucasus, s. Asia, Central Asia."
M205,J2b1,"Yemen, Qatar, Oman, Palestine, UK, Spain, Italy, Serbia, Bosnia, Herzegovina"
P399,K2b1,"s.e. Asia, Papua New Guinea, Philippines (Aeta),  Melanesian, indigenous Australian, Polynesian"
P261,K2c,Balinese Indonesia
P402,K2d,Javanese Indonesia
M20(PF5570),L,"s. Asia, Central Asia, s.w. Asia, Mediterranean"
M22,L1,"w. Europe, s. Asia"
M2481,L1a,"Pakistan, India, Sri Lanka, Bangladesh, Iraq, Bahrain, Kuwait, Saudi Arabia,Qatar,United Arab Em"
M27,L1a1,"Indian, Sri Lankans, Pakistan, s. Iran, Europe"
M357,L1a2,"India, Sri Lanka, Bangladesh, Iraq, Kuwait, Saudi Arabia,Qatar, Armenia, Russia, Italy"
FGC36877(M317),L1b,"Israel (Druze), Lebanon, Kuwait, Kazakhstan (Tatars), Armenia, Azerbaijan, Iran, Turkey, Belarus, Greece, Bulgaria, Germany, Austria, Switzerland, Portugal, Ukraine, Russia, Mongolia"
M349,L1b1,Europe
L595,L2,"Germany, Sardinian Italy"
P256,M,"Papua New Guinea, Melanesia, Indonesia, indigenous Australian"
M4,M1,"New Guinea, Melanesia, Indonesia, Micronesia, Polynesia"
BY8413.1(Z30938.1),M1a,"Western New Guinea, Indonesia, Papua New Guinea"
M16,M1a2a1a,Papua New Guinea
M83,M1a2a1b,Papua New Guinea
B269,M1a3b1c,Papua New Guinea
Z42297,M1a3b1b,n. Australia (Aborigines)
M177^^(SRY9138^^),M2a,Papua New Guinea
P117,M3,"New Britain, Melanesia, Bougainville, Fiji, e. Futuna"
M214(Page39),NO,"Bouyei, Japanese, Yi, Malay, Mongolian, Daur, Hui, Yao, Hezhe, Manchurian Evenk, s. Korean, Fiji, Futuna, Niue, Tuvalu, Samoa"
M231,N,"n. Eurasia, central Asia, Balkans, China, Cambodia"
M46(Page70; Tat),N1a1,"Yakuts, Laos"
M178,N1a1a,"n. Europe, Finns, Latvians, Lithuanians, Estonians "
CTS10760,N1a1a1a1a1,"Finland, Sweden (Saami), Norway (Saami),Estonia, Latvia, Lithuania, Belarus, Ukraine, Poland,Germany, Czech Republic, Hungary, Romania, Netherlands, England, Scotland, Russia (Evens, Tatars, Maris, Komis, Mordvins, Chuvashes, Bashkirs, Karanogays), Russian Siberia (Nenets, Selkups, Tatars, Dolgans)"
Z1936,N1a1a1a1a2,"Russia (Bashkirs, Karelians, Vepsas, Cossacks, Yakuts, Bashkirs, Tatars, Karanogays, Komis, Mordvins, Chuvashes), Russian Siberia (Khanty, Mansi, Nenets, Nganasans, Tatars, Dolgans), Norway, Sweden, Finland, Estonia, Latvia, Poland, Ukraine, Hungary, Greece, Kazakhstan"
B197,N1a1a1a1a3,"Turkey, Ukraine, Mongolia, Kazakhstan, China (Tibet), Russia (Tatars, Evenks, Karanogays), Russian Siberia, Russian Siberia (Buryats, Chuckchis, Koryaks, Eskimos, Tuvans, Altaians, Tatars), Afghanistan, Uzbekistan, Uzbekistan (Karakalpaks)"
M2019,N1a1a1a1a4,"Lebanon, Ukraine, Russian Siberia (Evens, Yakuts, Evenks, Khantys, Tatars, Dolgans, Tuvans, Shorians), Russia (Yakuts, Karanogays), China, Mongolia, Kazakhstan, Uzbekistan, Uzbekistan (Karakalpaks), Bhutan, Estonia, Croatia, Turkey"
B211,N1a1a1a2,"Russia (Maris, Udmurds, Karelians, Maris, Komis, Mordvins, Chuvashes, Bashkirs, Karanogays), Belarus,Russian Siberia (Khantys, Altaians, Khakassis)"
F1008(L666),N1a2,"Finland, Poland, Belarus, Ukraine, Russia (Vepsas, Maris, Udmurds, Karelians, Komis, Chuvashes, Tatars),Turkey, Russian Siberia (Evens, Nenets, Evenks, Yakuts, Tuvinians, Khants, Nganasans, Tatars, Dolgans, Eskimos, Tuvans, Khakassis), Armenia, Azerbaijan, Kazakhstan, Afghanistan, Mongolia, China, Japan, Vietnam"
M128,N1a2a,"Manchu, Sibe, Evenks, Koreans, Han Chinese, Hui, Tibetans, Vietnamese, Bouyei people, Kazakhs, Uzbeks, Uyghurs, Salars, Tu, Mongols, the Buzava tribe of Kalmyks, Khakas, Komis"
B478,N1a2b1,"n.w. Siberia, s. Siberia, Mongolia, Tuvan, Khakas, Shor, Even, Altaian, Evenk"
F2930(M1881; V3743),N1b,"China, Japan, Vietnam, India (Telugus), Belarus, Poland, India"
M175,O,"e. Asia, s.e. Asia, Central Asia"
F265(M1354),O1,"Malaysia, Vietnam, Indonesia, China"
M119,O1a,"China, s.e. Asia"
M268,O1b,"Japan, s. China, s.e Asia, the Indian subcontinent"
M111,O1b1a1a1a1a ,"China (Han, Hani, She, Yi, Miao, Yao), Tai, Cambodians, Kuy, n. Thailand, Vietnamese, Taiwanese aborigines"
CTS5854,O1b1a1a1a1b,"China (Han, Dai), Japanese, Filipinos"
SK1630,O1b1a1a1a2,"China, Ryazan Oblast, Russia"
F789(M1283),O1b1a1a1b,"China (Blang, Palaung, Wa, Dai, Yi, Naxi), Vietnam, Cambodia, Singapore (Malay), Java, Borneo, Thailand, Myanmar, Bhutan, Bangladesh, India (Tripura, Ho, Konda Dora, Gond)"
FGC29900(Y9322; Z23667),O1b1a1a1b1,China (Dai)
B426(FGC29896;Y9033;Z23671),O1b1a1a1b1a,"China, Indonesia (Java Tengah), India (Tripura), Bangladesh"
FGC29907(YP3930),O1b1a1a1b1a1,Cambodia
B427(Z23680),O1b1a1a1b1a2,Ho Chi Minh City
Z39485,O1b1a1a1b1b,"China (Dai, Yi)"
CTS350,O1b1a1a2,"China (Han), Japan"
F1199,O1b1a1b1,China
F993,O1b1a2a,"China, Philippine, Hazara, Qatar"
CTS9996,O1b1a2c,"China (Han), Vietnam"
F840,O1b1a2b1,"China (Han, Dai)"
P49,O1b2,"Japan, Korean, s.e. Asia"
M122,O2,"e. Asia, s.e. Asia, Austronesia"
CTS1936,O2a1a1b1a1,"China, Ho Chi Minh City"
M134,O2a2b1,"SKazakh Naiman tribe, e. Asia, s.e. Asia"
M74,P1,"Philippines, India, China (Maks, Ai Cham, Biao, Then, Uygurs, Tibetans, Hans), Chinese Taiwan (Pyuma),Idonesia (Batak, Malay, Minangkabau, Kaili, Alor), Romania (Szeklers), Scandinavia, Iran (Bakhtiari, Arabs) Pakistan (Burushos), Melanesia, Jordan"
F746(NWT01),Q1a1,"Vietnam, Russian Siberia (Koryats),Indonesia (Muruts), Bhutan, Russia"
M120,Q1a1a,"Han Chinese, Dungans, Vietnamese, Japanese, Kalmyks, Koreans, Mongols in Mongolia, Tibetans, Laos"
M25,Q1a2,"Uzbekistan (Turkmens), Pakistan (Punjabis), Russia, Poland, Hungary, UK, Bahrain, Turkey"
M346,Q1b,"England, Sweden, France"
M3,Q1b1a1a,indigenous peoples of the Americas
CTS11357(M925),Q1b1a1a1e,"Colombia, Nicaragua, Guatemala, El Salvador, Mexico, Brazil (Karitianas)"
Z35840,Q1b1a1a1f,"Argentina (Cachis), Peru"
Z32422(Z5906),C1b1a2a,"Peru, Argentina (Collas, Cachis)"
Z5908,Q1b1a1a1i,"Peru, Argentina (Collas, Cachis)"
Y789(Z5913),Q1b1a1a1j,"Peru,Argentina (Collas)"
SK281(Z6659),Q1b1a1a1l,Peru
CTS2731,Q1b1a1a1m,Mexico
B43,Q1b1a1a1p,Argentina (Wichis)
FGC8469(Y4276),Q1b1a1a2,"Russian Siberia (Eskimos), n.e. USA (Wampanoags). s.e. USA, Mexico"
L569,Q1b1a2a1a1,USA
Z782,Q1b1a2a1b,Mexico
E324(L804),Q1b1a1b,"Sweden, Norway, Iceland, Ireland, Denmark, Germany, England, France"
L330,Q1b1a3,"Kazakhstan, Uzbekistan, France, Russian Siberia (Selkups, Kets)"
L214(S289),Q2a1,"Europe, s. Asia, w. Asia, e. Asia,  Central America (Panama), s. America"
FGC1917(Y2209),Q2a1a1,"Poland, Italy, Ukraine, n. e. Europe (including Ashkenazi Jews), China (Karaites)"
YP745,Q2a1a2,"Morocco, Jordan, Iraq, Turkey (Armenians, Assyrians), Switzerland, Russia, Russia (Avars),China (Ughurs), India"
FGC4607(Y2247),Q2a1c,"Portugal, Kazakhstan, India,Pakistan (Punjabis), Iran (Arabs), Georgian Abkhazia"
L68.2(PF3781.2; S329.2),Q2b,"Pakistan (Punjabis), Russia (Tatars), Bangladesh, Poland"
M173(P241; Page29),R1,"Europe, s. Asia"
L146(M420; PF6229),R1a,"e. Europe, western and central Asia"
M343(PF6242),R1b,"w. Europe, Spain, Portugal, France, Britain, Ireland, Lambadi, Hazara,  Agharia"
PF6279(V88),R1b1b,"s.w. Asia, Africa"
P297(PF6398),R1b1a1,Eurasia
M73,R1b1a1a,Asia
M269(PF6517),R1b1a1b,w. Europe
M479(PF6107),R2,Central Asia
M124,R2a,"s. Asia, Central Asia, Caucasus"
B254,S,"Oceania, Papua New Guinea"
Z42413,S1a1,Indonesia (Lebbos)
P315(Z41769),S1a3,indigenous Australians
M226;1,S1a1b1d1a,"Papua New Guinea, Admiralty Islands"
P315(Z41769),S1a3,Australia (Aborigines)
Y15622.2(JN32.2; B273.2),S2,Philippines (Aeta)
M184(Page34; USP9Y+3178),T,"n. Asia, Middle East, Caucasus, w. India, Europe, Africa, Americas"
L206,T1,"Eurasian, n. Somali"
M70(Page46; PF5662),T1a,"n. Africa, Middle East"
L162(Page21),T1a1,"Ibizans, Pityusans"
Y3782,T1a1a1b2a2a1,Province of Cagliari
Y3836,T1a1a1a1b1a1a,Iberian Peninsula
PH110,T2,"North European Plain, the Kura-Araks Basin of the Caucasus, Bhutan"